Long, braided hair adorned with silver threads and pearls  
A voluminous crown of dark ringlets  
Sleek straight hair falling down the back  
Loosely wavy hair with tousled, casual appearance  
An intricate updo with trailing tendrils  
Tightly coiled natural texture with dimensional shine  
A sophisticated blowout with polished waves  
Short pixie cut with artistic styling  
Flowing waist-length golden locks  
An elaborate braid crown around the head  
Silky black hair with blue-black highlights  
Tousled messy bun with romantic escape pieces  
Voluminous curls cascading down shoulders  
Sleek ponytail pulled high and tight  
Asymmetrical cut with one long side  
Soft waves framing face gently  
Thick, healthy hair with luminous shine  
An intricate fishtail braid down the back  
Spiky, textured pixie with attitude  
Flowing hair with ribbon threaded through  
Shimmering highlighted blonde waves  
A neat bun at crown of head  
Loose waves with face-framing layers  
Multi-colored dyed hair with artistic design  
Long straight black hair with blunt bangs  
Voluminous permed curls from bygone era  
Sleek low ponytail with sleek finish  
Romantic curled waves pinned at one side  
Short bob with perfectly curved ends  
Tumbling curls with slight tousle  
Intricate dutch braids along entire head  
Natural black hair with subtle waves  
Bouffant style with teased height  
Flowing ombré gradient hair  
Sleek straight hair with center part  
Delicate tendrils framing face  
Victory rolls styled for vintage look  
Soft curls piled high in bun  
Straight hair with artistic color blocking  
Tousled waves from salt-spray texture  
A half-up-half-down style with wave  
Intricate crown braid across head  
Natural curly hair in full glory  
Slicked back style showing face  
Romantic ringlets from vintage curling  
Thick, flowing waves with movement  
Undercut style with longer top  
Soft waves with gentle tousle  
Shiny black hair with straight cut  
Voluminous curls with added height  
Short asymmetrical cut with edge  
Loose wavy style with half-up section  
Elaborate updo with decorative combs  
Thick braided styles in rows  
Flowing hair with intricate weave  
Straight style with layered texture  
Soft, feathered wave around face  
Voluminous style with body and movement  
Sleek, straight, and floor-length  
Tousled beach-waves aesthetic  
Intricate twisted updo style  
Natural texture with full volume  
Partial updo with flowing waves below  
Shimmering waves with glitter accent  
Short, bold cut with strong line  
Flowing hair with flower crown  
Elaborate braid work across scalp  
Soft waves from loose barrel curls  
Straight style with subtle ombre  
Voluminous curls with romantic feel  
Sleek bun positioned at nape  
Tousled texture with layered dimension  
Intricate braiding with color pattern  
Natural waves with enhanced curl  
Dramatic side-sweep with volume  
Flowing hair with silk ribbon  
Shiny black locks with straight cut  
Textured waves from beachy styling  
Short style showing facial features  
Voluminous curls pinned partially up  
Elaborate ornamental hair comb  
Soft waves cascading asymmetrically  
Straight hair with blunt-cut bangs  
Tousled texture with lived-in feel  
Intricate braiding technique throughout  
Natural texture enhanced by product  
Sleek high ponytail with shine  
Romantic curls arranged on one side  
Flowing waves with layered texture  
Short, edgy cut with artistic line  
Voluminous style with maximum body  
Delicate braids woven with ribbon  
Soft waves from loose curling iron  
Straight style with colored underlayer  
Tousled waves with strategic dimension  
Intricate updo with decorative detail  
Natural hair with maintained texture  
A full beard with careful grooming  
A neatly trimmed goatee  
A distinguished handlebar mustache  
A light stubble with rugged appeal  
A full bushy beard with wild appearance  
A meticulously shaped Van Dyke  
A clean-shaven face  
A light 5 o'clock shadow  
A thick, luxurious beard  
A carefully waxed mustache with curls  
A trimmed beard with defined edges  
A soul patch with attitude  
A full facial hair with natural texture  
A stubbled jaw with character  
A elaborately braided beard  
A classical gentleman's beard  
A roguish three-day growth  
A sculpted beard with fade  
A pencil-thin mustache for style  
A designer stubble effect  
A full protective beard  
A precisely groomed facial hair  
A natural untamed whiskers  
A styled beard with conditioning  
A light fuzz with youthful look  
A thick facial hair with volume  
A artistic facial hair design  
A classic clean-shaven look  
A mature bearded appearance  
A rebellious wild beard  
A carefully shaped whiskers  
A textured facial growth  
A distinctive beard characteristic  
A groomed masculine appearance  
A facial hair with personality  
