A rustic wooden table laden with fresh bread, cheese, and wine  
Steaming cup of aromatic coffee with latte art  
Fresh berries arranged on white porcelain plate  
Ornate teacup with delicate floral patterns  
Colorful macarons stacked in artistic arrangement  
Sliced fresh citrus fruits glistening with juice  
Gourmet chocolate truffles dusted with cocoa powder  
Crusty artisan bread with rustic seeded crust  
Fresh pasta primavera with vibrant vegetables  
Elaborate tiered wedding cake with floral decoration  
Chilled wine bottle with condensation on glass  
Decadent chocolate mousse topped with whipped cream  
Fresh oysters on the half shell with lemon  
Vibrant mixed green salad with edible flowers  
Aromatic curry in decorative ceramic bowl  
Grilled salmon fillet with herb garnish  
Champagne flutes clinking in celebration  
Artisan cheese board with varied selections  
Fresh sushi rolls arranged in circular pattern  
Warm apple pie with golden crust  
Steaming bowl of ramen with toppings  
Fresh berries in crystal dessert glass  
Vintage wine glasses with deep red wine  
Homemade cookies cooling on wire rack  
Fresh seasonal fruits in woven basket  
Decadent strawberries dipped in chocolate  
Creamy gelato in colorful flavors  
Rustic gravy boat pouring amber liquid  
Elegant plated dessert with artistic presentation  
Fresh croissant with flaky golden layers  
Spiced mulled wine in ceramic mug  
Beautifully decorated cupcake with frosting  
Fresh figs halved showing interior  
Ornate serving platter with delicacies  
Steaming kettle pouring hot water for tea  
Artfully arranged charcuterie platter  
Fresh mint garnish floating in beverage  
Decadent tiramisu with cocoa dusting  
Vintage champagne bottle with fine label  
Fresh berries on woven pastry tart  
Elegant wine glass catching lamplight  
Honey dripping slowly from wooden spoon  
Crusty bread with olive oil for dipping  
Fresh seafood platter on ice  
Homemade jam in vintage glass jar  
Ornate silver spoon with pastry fork  
Steaming hot chocolate topped with cream  
Gourmet bonbons in artisan paper wrapper  
Fresh garden vegetables at market  
Elaborate dessert with mirror glaze  
Chilled sparkling water with lime wedge  
Golden honey in transparent jar  
Authentic Italian pasta arrangement  
Fresh asparagus tied with twine  
Decadent chocolate cake slice  
Vintage teapot with leafy tea steeping  
Fresh strawberries in cream sauce  
Ornate serving dish with dome lid  
Steaming soup in rustic ceramic bowl  
Artisan bread loaf with flour dusting  
Fresh green herbs for culinary use  
Elegant dining setup with fine china  
Chilled white wine in elegant glass  
Homemade pastry with butter layers  
Fresh raspberries in clear glass  
Decorative food styling on white plate  
Vintage cookbook with handwritten notes  
Steaming kettle of herbal infusion  
Gourmet ingredients displayed artfully  
Fresh lemon halves with juice dripping  
Ornate candied fruit with sugar coating  
Rustic kitchen table with seasonal produce  
Chilled punch bowl with floating fruit  
Authentic fresh pasta from market  
Decadent chocolate lava cake  
Fresh herbs tied in aromatic bundle  
Elegant plated tasting menu course  
Vintage wine label with aged patina  
Steaming comfort food in rustic bowl  
Fresh cheese wheel with knife cuts  
Artfully piped frosting on dessert  
Fresh garden tomatoes at peak ripeness  
Ornate serving utensils in formal setting  
Chilled sparkling beverage in flute  
Homemade preserves in glass jars  
Fresh cutting board with culinary prep  
Decadent pastry with flaky layers  
Vintage spice jars with hand-written labels  
Steaming pot of fragrant curry  
Fresh flowers mixed with salad greens  
Elegant multi-course plated meal  
Ornate tablecloth with dining place settings  
Chilled refreshing beverage with ice  
Homemade soup with rustic vegetables  
Fresh farmers market seasonal harvest  
Decadent chocolate coating dripping  
Vintage champagne cork preservation  
Steaming warmth from perfect cup  
Fresh vanilla bean pod for flavoring  
Ornate serving platter with symmetry  
Casual family-style shared meal arrangement  
Chilled beverage in mason jar  
Homemade baked goods cooling  
Fresh herb garnish on finished plate  
Elegant wine pairing with meal course  
Vintage tea service for two  
Steaming water for tea brewing  
Fresh squeeze from citrus fruit  
Artistic food plating on slate  
